{
    "rmse": 0.6958338697481827,
    "mae": 0.5333988181711545,
    "r2": 0.26342225922322837
}